Pred_high,Pred_low,Actual_high,Actual_low
318.88113,312.186,313.20001220703125,303.4700012207031
1803.562,1770.0409,1713.75,1700.1199951171875
374.02484,366.33484,365.0,359.3500061035156
200.31895,195.76584,183.5,178.0399932861328
2006.4956,1969.3087,1955.0,1900.3399658203125
215.83383,211.00095,192.8999938964844,189.0399932861328
252.32437,246.83154,270.8500061035156,264.25
788.45245,773.2727,769.8900146484375,759.0499877929688
337.97748,330.9371,326.5199890136719,323.2699890136719
1869.5247,1834.8121,1867.780029296875,1835.5400390625
2158.3157,2118.3853,2444.97998046875,2386.050048828125
2025.8123,1988.2758,2013.3900146484373,1965.77001953125
126.07012,122.86108,118.87000274658205,115.5199966430664
1518.285,1489.9185,1469.989990234375,1415.02001953125
133.28654,129.94545,148.97999572753906,146.5
335.68607,328.687,328.6499938964844,322.1300048828125
122.07692,118.940704,197.8000030517578,182.75
364.0491,356.53745,387.8500061035156,376.5400085449219
1049.2294,1029.3381,1008.4400024414062,992.4000244140624
1850.5475,1816.1783,1848.0,1828.81005859375
1859.2684,1824.7415,1834.8399658203125,1810.06005859375
458.86322,449.6385,444.7200012207031,439.0
1895.3466,1860.1674,1870.8199462890625,1859.47998046875
327.79163,320.93524,306.5299987792969,302.0199890136719
795.5671,780.2577,767.739990234375,757.6400146484375
1542.0262,1513.2311,1556.989990234375,1499.25
245.61859,240.24702,235.94000244140625,227.9499969482422
235.64784,230.45625,226.8699951171875,222.2899932861328
346.224,339.0343,322.7300109863281,318.5
167.90573,163.93863,178.11000061035156,173.8000030517578
388.20364,380.2557,371.3999938964844,365.6499938964844
206.2521,201.59186,226.38999938964844,221.4499969482422
244.96046,239.5914,284.20001220703125,267.1099853515625
635.39746,622.98315,602.3900146484375,587.5
2025.8469,1988.3094,1872.8699951171875,1850.6099853515625
809.29834,793.74207,833.5,816.3800048828125
728.00696,713.9195,721.3099975585938,710.8099975585938
203.49287,198.88216,220.19000244140625,214.22000122070312
339.39215,332.3264,324.1300048828125,319.6000061035156
416.21423,407.76013,362.75,357.20001220703125
1980.9481,1944.2229,1894.27001953125,1860.0
314.5438,307.92694,312.739990234375,302.9100036621094
202.17154,197.58487,227.8999938964844,218.4100036621093
219.82742,214.92174,184.3699951171875,177.0
1981.9005,1945.1573,1956.8199462890625,1887.4100341796875
2237.3088,2195.952,2373.5,2306.0
229.59741,224.51541,221.7400054931641,215.33999633789065
536.94507,526.30994,515.8400268554688,502.5700073242188
1980.0784,1943.3684,1990.010009765625,1943.47998046875
279.86652,273.87622,266.6000061035156,261.0400085449219
758.2008,743.5684,749.3599853515625,742.7899780273438
1980.5607,1943.842,1932.22998046875,1890.5400390625
1988.6501,1951.7858,1951.0,1898.0
273.4036,267.52972,271.6600036621094,265.0199890136719
229.54837,224.46759,218.6699981689453,215.7100067138672
272.15442,266.30313,252.92999267578125,245.77999877929688
2015.4056,1978.058,1993.02001953125,1944.010009765625
380.41003,372.60297,233.83999633789065,223.0500030517578
1834.4003,1800.3223,1809.5,1756.0
1573.5178,1544.1534,1520.760009765625,1487.0
807.90643,792.3763,780.3499755859375,765.1099853515625
208.48746,203.78665,240.5200042724609,231.8099975585937
236.67793,231.46785,229.52999877929688,227.58999633789065
198.62448,194.1019,222.3500061035156,214.25
650.9189,638.22406,626.97998046875,616.25
128.3346,125.08444,122.87000274658205,119.68000030517578
338.12622,331.08475,320.67999267578125,311.8599853515625
332.54297,325.60165,305.7200012207031,301.5
200.17514,195.62459,185.1699981689453,181.759994506836
1788.8746,1755.6206,1755.5999755859375,1728.4100341796875
347.65903,340.44446,343.2699890136719,337.54998779296875
374.91367,367.20602,407.7999877929688,401.6000061035156
1886.3439,1851.3275,1836.56005859375,1786.0
198.71753,194.19318,205.1999969482422,200.5
254.42209,248.89137,257.6000061035156,254.259994506836
181.92166,177.69456,177.5500030517578,174.77000427246094
291.0039,284.81247,273.1600036621094,265.0
209.89597,205.16974,246.7100067138672,240.6699981689453
390.09705,382.1149,372.7300109863281,363.8999938964844
339.8017,332.72733,328.1499938964844,321.739990234375
394.01724,385.96448,399.2900085449219,389.4100036621094
551.50854,540.61005,538.739990234375,527.1199951171875
760.3569,745.68475,741.5999755859375,728.719970703125
1306.6963,1282.1532,1253.0799560546875,1232.030029296875
1608.5422,1578.545,1657.4300537109375,1612.0
247.93933,242.52577,243.47999572753903,239.0200042724609
284.3494,278.278,259.5,256.9599914550781
1022.2171,1002.81384,1019.0499877929688,987.02001953125
199.14185,194.60979,218.32000732421875,213.25
112.21284,109.258835,125.19000244140624,118.5
800.41406,785.01825,816.02001953125,806.260009765625
788.6953,773.5114,762.489990234375,756.8900146484375
392.08954,384.07135,373.1700134277344,366.5700073242188
1776.6232,1743.589,1711.949951171875,1660.0
641.0377,628.5215,676.489990234375,656.0
1592.2161,1562.5135,1574.800048828125,1546.02001953125
171.37756,167.34732,163.5399932861328,160.58999633789062
410.5874,402.23563,430.3999938964844,424.2999877929688
1842.2924,1808.0714,1730.8199462890625,1680.8900146484375
115.714355,112.69466,132.60000610351562,126.16999816894533
237.70721,232.47673,236.3000030517578,231.6100006103516
1972.5656,1935.99,1841.0,1815.3399658203125
277.9326,271.97693,263.25,256.6000061035156
1915.3577,1879.8168,1830.0,1807.530029296875
162.27359,158.40794,182.3000030517578,179.50999450683594
1868.671,1833.9738,1834.260009765625,1798.1099853515625
211.71126,206.95262,189.47000122070312,183.6499938964844
158.34045,154.5457,123.52999877929688,120.29000091552734
697.8871,684.3437,716.5999755859375,711.0999755859375
1028.5201,1009.0027,1010.25,1002.0
644.68445,632.1025,624.3800048828125,615.0700073242188
448.58228,439.54388,428.0499877929688,422.6400146484375
350.31775,343.0545,342.5,337.1600036621094
173.06703,169.00623,193.2100067138672,187.6199951171875
1899.2157,1863.9664,1886.199951171875,1864.5
190.07204,185.70378,164.99000549316406,162.83999633789062
1649.95,1619.2037,1683.47998046875,1661.6099853515625
131.5865,128.27643,128.1999969482422,122.18000030517578
924.9234,907.278,909.989990234375,903.8200073242188
1947.6188,1911.4954,1909.8900146484373,1883.47998046875
630.5007,618.17505,576.8900146484375,563.0499877929688
248.5847,243.15952,247.6100006103516,244.58999633789065
1603.2311,1573.3297,1550.0,1515.0
205.40564,200.76038,215.6499938964844,211.1199951171875
127.36929,124.13658,129.97999572753906,126.79000091552734
209.6871,204.96483,195.5,187.3000030517578
831.7799,815.8175,823.260009765625,815.02001953125
1026.9764,1007.4876,981.0,972.760009765625
352.35587,345.05728,334.0899963378906,326.7099914550781
810.41187,794.8354,841.2899780273438,828.3499755859375
444.31735,435.35556,444.989990234375,433.239990234375
1912.432,1876.9443,1929.68994140625,1898.1600341796875
342.88272,335.7539,361.7099914550781,356.7200012207031
331.8277,324.90002,328.3999938964844,324.0199890136719
1631.8995,1601.4802,1679.469970703125,1619.5999755859375
448.68668,439.6461,464.7000122070313,460.2000122070313
2094.7263,2055.9458,2053.0,2017.6600341796875
671.1695,658.1089,699.4000244140625,689.5599975585938
653.3957,640.656,685.5,662.030029296875
2051.374,2013.3759,2055.719970703125,2002.27001953125
1852.8472,1818.4358,1752.0,1715.25
245.08908,239.72742,243.3500061035156,240.47000122070312
1022.13586,1002.73395,1008.47998046875,995.6699829101562
284.70074,278.62283,259.42999267578125,254.5
162.2774,158.41092,183.1100006103516,176.58999633789062
1050.8905,1030.9691,1009.5700073242188,1001.0399780273438
1007.4063,988.2704,1014.75,1003.8099975585938
208.0854,203.39189,230.9199981689453,222.9199981689453
202.26122,197.6728,216.8300018310547,212.13999938964844
182.6661,178.43219,172.75,169.50999450683594
380.27777,372.473,385.989990234375,379.7900085449219
212.82361,208.0446,185.4499969482422,184.1100006103516
251.80869,246.32523,232.5,227.4499969482422
625.32513,613.0944,664.8800048828125,646.3699951171875
959.25916,940.9939,946.0,935.9000244140624
288.42883,282.2834,269.04998779296875,264.5599975585937
348.73334,341.49887,346.6700134277344,341.3399963378906
1856.3611,1821.8861,1763.5,1740.0
267.35968,261.5954,261.8999938964844,257.489990234375
135.02948,131.65677,148.22999572753906,145.16000366210938
373.00165,365.3284,391.3599853515625,386.5
1864.4775,1829.8553,1830.6300048828125,1780.9200439453125
1770.9749,1738.043,1727.0,1705.0
809.0399,793.4882,800.8400268554688,776.7100219726562
287.93085,281.79453,270.5,264.2099914550781
138.5573,135.12082,124.97000122070312,117.5199966430664
540.5948,529.89404,511.4800109863281,490.5
1906.365,1870.9866,1975.199951171875,1937.3499755859373
450.56116,441.48648,431.3500061035156,424.75
1685.6986,1654.3071,1656.3800048828125,1637.1099853515625
904.92896,887.6448,904.0900268554688,895.25
266.2668,260.52197,147.72999572753906,142.89999389648438
1889.0002,1853.9359,1888.0,1855.550048828125
419.81003,411.2914,433.25,426.7099914550781
564.4245,553.2928,545.9099731445312,536.0
277.27435,271.33112,268.92999267578125,262.79998779296875
787.2038,772.04694,767.0,761.02001953125
1589.5594,1559.9052,1576.1300048828125,1505.010009765625
143.7543,140.22377,131.0,126.76000213623048
231.75923,226.63832,190.0399932861328,186.8699951171875
1984.723,1947.9288,1927.699951171875,1909.280029296875
219.16306,214.26955,184.32000732421875,181.13999938964844
382.0772,374.23984,380.5,370.2900085449219
1013.90155,994.6493,956.0,936.3300170898438
218.63806,213.7536,223.0,215.2100067138672
569.5309,558.3066,550.8200073242188,539.7999877929688
1874.978,1840.1669,1829.4100341796875,1800.0999755859375
335.4882,328.49265,375.4500122070313,357.760009765625
206.53099,201.86562,189.8500061035156,185.17999267578125
1716.0812,1684.1407,1669.75,1620.510009765625
324.60135,317.8027,308.5400085449219,303.010009765625
1922.1628,1886.4988,1943.6400146484373,1910.550048828125
1986.9164,1950.0829,1956.0,1896.5699462890625
1848.3604,1814.03,1808.949951171875,1742.530029296875
1667.4794,1636.417,1625.5400390625,1592.9100341796875
206.77542,202.10548,197.0,193.0
1408.7307,1382.344,1498.0,1414.0
657.60376,644.7879,686.97998046875,671.4099731445312
618.6201,606.5092,562.3300170898438,546.0900268554688
1902.8966,1867.5807,1897.75,1874.4100341796875
201.66699,197.088,227.4499969482422,217.6600036621093
1737.8308,1705.498,1623.9100341796875,1565.0899658203125
316.91888,310.25986,301.0,297.2200012207031
240.51135,235.23189,179.6699981689453,174.2100067138672
1866.8767,1832.2117,1826.0,1812.6099853515625
313.69513,307.0936,238.6999969482422,230.5
385.15234,377.25943,452.6499938964844,439.0
378.15665,370.39008,381.7699890136719,374.9400024414063
329.9651,323.07095,299.739990234375,292.3599853515625
1532.8505,1504.2206,1455.9000244140625,1386.1700439453125
251.0642,245.594,233.82000732421875,229.5
887.7845,870.8101,855.6900024414062,851.7100219726562
674.30164,661.1845,707.239990234375,700.0
1711.9197,1680.0546,1540.989990234375,1476.3599853515625
183.88757,179.6317,186.47000122070312,182.259994506836
400.84866,392.67215,387.80999755859375,381.2099914550781
614.4787,602.4422,584.6199951171875,565.2999877929688
323.90634,317.1218,304.25,300.1700134277344
794.11755,778.83563,777.0,764.0
1590.7712,1561.0955,1584.530029296875,1483.1800537109375
281.8451,275.8186,270.1099853515625,264.5
295.99622,289.7141,307.54998779296875,298.5
845.4466,829.23706,842.8099975585938,832.8200073242188
2262.6963,2220.8804,2420.429931640625,2382.0
1028.6118,1009.09314,1031.5899658203125,1022.5
112.704735,109.739876,136.50999450683594,131.17999267578125
449.66312,440.60455,427.9700012207031,422.6700134277344
305.59207,299.13846,326.7699890136719,314.3599853515625
352.16568,344.8704,337.79998779296875,333.7699890136719
312.02332,305.452,335.75,325.0
284.34625,278.27478,316.489990234375,302.7099914550781
1886.0436,1851.033,1759.449951171875,1626.030029296875
320.7325,314.00366,315.3099975585937,311.0599975585937
1925.6294,1889.9033,1879.0,1846.0
176.24306,172.12498,234.75,222.3999938964844
1867.1897,1832.5193,1792.989990234375,1774.06005859375
1257.8455,1234.1849,1205.489990234375,1188.300048828125
1021.40063,1002.01184,986.4600219726562,973.219970703125
1559.7505,1530.6348,1578.93994140625,1559.0799560546875
793.86206,778.58466,766.5,757.989990234375
809.3227,793.7602,816.0,803.4400024414062
197.94217,193.43188,194.9199981689453,191.3500061035156
1021.0808,1001.698,1016.5,1001.25
219.85066,214.94463,220.1999969482422,214.0
170.27817,166.26793,227.1999969482422,219.6199951171875
319.73984,313.02893,309.20001220703125,302.7200012207031
1800.5835,1767.1162,1715.27001953125,1691.6700439453125
409.6649,401.3291,387.1199951171875,381.3200073242188
178.51091,174.35204,193.57000732421875,186.1000061035156
1728.9305,1696.7583,1624.8199462890625,1546.510009765625
627.32654,615.0581,676.8400268554688,664.1300048828125
314.427,307.81213,291.04998779296875,285.6199951171875
225.08395,220.08301,194.5500030517578,189.75
391.72052,383.70932,379.30999755859375,374.0299987792969
176.8011,172.67279,181.47000122070312,176.57000732421875
361.01547,353.55884,386.6499938964844,381.3699951171875
137.17957,133.76788,145.6199951171875,143.55999755859375
1580.6644,1551.1709,1567.550048828125,1523.010009765625
1164.2579,1142.2882,1155.8900146484375,1136.0799560546875
634.0976,621.7069,604.0599975585938,592.3099975585938
1620.1553,1589.9489,1649.6300048828125,1613.5
800.6476,785.24915,805.9299926757812,797.1500244140625
423.75455,415.16544,425.6400146484375,416.0
1015.48834,996.20667,970.3900146484376,951.3800048828124
796.9941,781.66,772.0999755859375,766.1900024414062
1012.0153,992.7964,961.2000122070312,945.4600219726562
612.8105,600.80426,571.3499755859375,554.739990234375
1170.7648,1148.677,1133.4200439453125,1122.550048828125
314.24167,307.62997,289.8699951171875,284.79998779296875
556.93896,545.9421,539.489990234375,533.0
348.8663,341.62888,346.2900085449219,334.0599975585937
1009.44885,990.2763,990.6799926757812,969.2100219726562
1977.2391,1940.5801,1944.9599609375,1893.0
210.84546,206.10216,194.0399932861328,183.5800018310547
830.45215,814.51373,838.2999877929688,822.2100219726562
1917.513,1881.9331,1795.5899658203125,1772.699951171875
308.22925,301.7259,298.510009765625,289.2799987792969
353.95584,346.62653,295.8800048828125,287.2300109863281
119.23594,116.15189,131.17999267578125,123.76000213623048
1528.9733,1500.4138,1447.0,1427.47998046875
1008.2843,989.1327,1000.1199951171876,982.1599731445312
434.6615,425.8745,427.1000061035156,418.3599853515625
1571.3851,1542.0592,1529.4200439453125,1478.5
234.9422,229.76508,226.0,223.4499969482422
345.05573,337.88904,328.5400085449219,321.3999938964844
286.00858,279.9071,286.5799865722656,280.5899963378906
1762.2949,1729.5195,1701.5699462890625,1663.3399658203125
1100.4387,1079.622,1110.5400390625,1101.1199951171875
166.82492,162.87682,168.80999755859375,164.6199951171875
291.3426,285.1445,282.4700012207031,275.239990234375
203.58302,198.97118,182.8800048828125,179.8000030517578
832.6921,816.713,843.0,828.5499877929688
1872.0771,1837.3182,1798.0,1762.1800537109375
1838.6683,1804.5132,1766.8900146484375,1745.6099853515625
223.16722,218.2011,193.47999572753903,189.8000030517578
386.0538,378.1448,391.8800048828125,386.1499938964844
421.3122,412.76776,434.239990234375,426.0299987792969
124.25456,121.07887,136.0,131.17999267578125
1027.8013,1008.2971,959.0,941.1400146484376
777.72064,762.73486,758.8900146484375,752.25
1768.9535,1736.0582,1670.449951171875,1598.43994140625
192.49825,188.08617,160.85000610351562,157.5500030517578
1437.7108,1410.8,1468.93994140625,1436.8399658203125
804.5283,789.05475,813.510009765625,807.3200073242188
261.15,255.49774,136.99000549316406,133.75999450683594
203.73013,199.11526,197.259994506836,192.0500030517578
1407.9497,1381.5769,1439.25,1392.0
631.1994,618.8611,662.260009765625,652.0
862.1972,845.6853,852.5,839.6699829101562
2212.9417,2172.0242,2428.31005859375,2279.659912109375
1949.9902,1913.8239,1929.8199462890625,1914.6600341796875
1793.4546,1760.1165,1741.8900146484375,1722.0
244.34561,238.99696,247.5,243.1199951171875
2488.9155,2443.0117,2436.969970703125,2378.22998046875
170.73148,166.7127,172.0,167.36000061035156
1408.6307,1382.2452,1431.3900146484375,1400.43994140625
242.45915,237.14441,253.47999572753903,246.6499938964844
1692.4473,1660.9344,1665.739990234375,1495.0
240.72241,235.43922,238.0,233.25
310.95126,304.39896,314.6300048828125,307.3800048828125
654.0012,641.2503,682.5,670.6500244140625
283.9273,277.86368,267.0,260.6300048828125
596.2219,584.5154,516.75,501.489990234375
340.79727,333.70648,349.3800048828125,343.5799865722656
1880.4097,1845.5006,1851.68994140625,1797.3800048828125
186.41927,182.1173,187.4100036621093,185.25
273.48328,267.60815,266.8900146484375,261.1099853515625
385.52145,377.62195,385.8999938964844,379.4800109863281
192.77802,188.3612,191.0,186.2100067138672
345.05228,337.88565,327.6000061035156,321.25
113.02579,110.05531,117.4800033569336,114.06999969482422
794.3701,779.085,768.239990234375,757.25
232.91609,227.77438,224.7400054931641,220.83999633789065
344.7061,337.54395,332.17999267578125,322.5
669.4852,656.4549,722.4500122070312,711.510009765625
1019.1764,999.8279,1004.4500122070312,996.8900146484376
1892.1764,1857.0543,1842.0,1815.5799560546875
654.47485,641.7156,646.9099731445312,627.6500244140625
1022.0614,1002.6608,999.5,984.5900268554688
403.12286,394.90536,387.4500122070313,383.5499877929688
196.1766,191.69826,188.2700042724609,181.1199951171875
167.02722,163.07558,112.68000030517578,108.11000061035156
1941.1354,1905.1287,1935.7099609375,1906.949951171875
92.46124,89.86719,120.87000274658205,118.0199966430664
319.26257,312.56042,310.79998779296875,305.54998779296875
606.3875,594.49695,524.4500122070312,511.6600036621094
336.18237,329.17438,338.8999938964844,325.9800109863281
1669.13,1638.0378,1701.050048828125,1609.8499755859375
1864.7806,1830.154,1853.0899658203125,1831.780029296875
342.91257,335.78317,322.0,316.6700134277344
318.33014,311.64462,309.5,303.8399963378906
335.22858,328.2377,328.6600036621094,319.760009765625
282.19846,276.16602,275.8399963378906,269.7900085449219
201.77473,197.19499,206.6699981689453,202.5500030517578
1196.9517,1174.3912,1194.800048828125,1145.18994140625
162.66719,158.79443,186.8500061035156,181.0
176.96489,172.83365,111.29000091552734,108.55999755859376
631.2072,618.8686,602.25,569.8800048828125
313.1146,306.52325,303.5,296.5
343.52438,336.38373,171.44000244140625,167.41000366210938
161.37915,157.52968,174.5500030517578,166.97000122070312
665.3746,652.4184,714.469970703125,693.9099731445312
536.37286,525.7494,519.4099731445312,509.0700073242188
288.828,282.67526,261.4800109863281,256.2799987792969
199.20651,194.67342,205.2899932861328,201.5599975585937
653.9558,641.20605,658.5900268554688,635.27001953125
318.32248,311.63715,317.2099914550781,313.3500061035156
350.42325,343.15958,337.1600036621094,334.0199890136719
331.243,324.3243,332.760009765625,325.57000732421875
1873.0994,1838.3221,1935.3699951171875,1910.0
203.71445,199.09991,230.2400054931641,221.3999938964844
365.00497,357.47656,389.4200134277344,383.7999877929688
722.7323,708.74005,729.4199829101562,721.5999755859375
221.19705,216.26671,197.67999267578125,192.3600006103516
1546.2963,1517.424,1606.43994140625,1590.8900146484375
353.831,346.50412,313.0,305.8999938964844
1851.7177,1817.327,1880.050048828125,1806.530029296875
352.89798,345.58844,377.7900085449219,373.1799926757813
1873.5159,1838.7311,1846.5400390625,1818.0
718.43884,704.5241,718.0,705.2999877929688
152.5387,148.84879,141.3699951171875,139.25999450683594
226.56319,221.53142,275.4599914550781,258.3500061035156
337.71243,330.67688,329.9800109863281,322.6499938964844
655.45026,642.6734,676.9500122070312,656.010009765625
392.46262,384.43787,324.94000244140625,313.1300048828125
171.3174,167.28821,181.67999267578125,175.13999938964844
161.40915,157.55899,186.0,181.2100067138672
257.28952,251.70724,264.1000061035156,255.1100006103516
392.8065,384.7756,379.3299865722656,375.2799987792969
637.212,624.76483,619.8499755859375,598.5700073242188
920.7699,903.19934,903.6500244140624,896.77001953125
2069.8682,2031.5365,2144.550048828125,2088.0
1192.0327,1169.5613,1160.27001953125,1141.0
289.8571,283.68536,278.4100036621094,274.239990234375
984.5396,965.81714,975.0,955.25
283.62738,277.56915,276.79998779296875,270.2900085449219
227.3792,222.33762,236.72000122070312,232.6199951171875
2000.2803,1963.2047,1988.8800048828125,1917.0
2046.0316,2008.1304,1956.489990234375,1889.2900390625
651.54785,638.84155,704.5499877929688,693.5
1444.112,1417.0857,1503.489990234375,1478.9200439453125
211.65953,206.90154,237.0,230.6000061035156
1846.524,1812.2272,1831.0899658203125,1802.219970703125
232.67558,227.53941,243.8500061035156,238.5500030517578
194.27924,189.83553,180.75,177.10000610351562
264.8471,259.1297,257.0,253.1999969482422
341.53064,334.42627,336.3299865722656,331.2799987792969
2000.0035,1962.9333,2098.530029296875,2038.0999755859373
1264.6285,1240.8455,1215.8699951171875,1204.6600341796875
177.7322,173.58876,179.32000732421875,176.0
337.4929,330.46133,299.989990234375,296.2900085449219
227.25157,222.21179,180.7400054931641,178.3699951171875
168.09262,164.12207,184.72000122070312,179.32000732421875
281.58453,275.5627,265.25,260.54998779296875
171.76227,167.72511,193.3600006103516,185.0500030517578
314.30115,307.68863,307.9200134277344,305.07000732421875
452.13373,443.03058,443.489990234375,435.05999755859375
790.3761,775.1615,760.5599975585938,754.739990234375
421.86923,413.3134,436.8999938964844,428.0
809.87646,794.3106,773.7899780273438,765.1900024414062
766.36224,751.58185,743.1300048828125,732.75
639.7346,627.2418,615.9500122070312,601.280029296875
276.57083,270.6395,269.3999938964844,264.0299987792969
454.05212,444.9144,432.2000122070313,425.6600036621094
159.8168,155.99548,151.9499969482422,147.35000610351562
187.25185,182.93468,188.94000244140625,184.9199981689453
348.98328,341.74448,321.3099975585937,316.95001220703125
346.36044,339.16827,323.5,317.6400146484375
381.89417,374.06003,403.760009765625,393.7999877929688
1991.8036,1954.8816,1997.7900390625,1973.1300048828125
1886.4613,1851.4427,1893.699951171875,1858.0
252.92307,247.41881,237.3999938964844,232.1100006103516
180.01482,175.82858,178.75,177.02000427246094
1854.7491,1820.3037,1800.97998046875,1777.0
192.90532,188.48618,216.2100067138672,207.42999267578125
1851.5344,1817.1471,1858.8800048828125,1831.27001953125
179.45421,175.27802,118.5,115.06999969482422
334.57196,327.593,304.3900146484375,288.0
340.39597,333.31158,334.6499938964844,331.75
1026.7411,1007.25604,1043.3299560546875,1032.47998046875
515.91925,505.6638,540.4400024414062,529.3599853515625
229.60754,224.52525,262.0,256.739990234375
1024.8824,1005.4313,992.7899780273438,968.1699829101562
354.17993,346.84735,367.5,358.2300109863281
1213.4976,1190.6383,1182.75,1169.3299560546875
1984.7689,1947.9744,1950.260009765625,1885.780029296875
120.6563,117.54614,125.44000244140624,123.18000030517578
387.32657,379.39453,398.6300048828125,391.2900085449219
301.71548,295.33014,308.79998779296875,305.69000244140625
276.10782,270.18515,259.25,254.6999969482422
2459.9634,2414.5828,2407.699951171875,2337.800048828125
1669.5781,1638.478,1621.7900390625,1600.1500244140625
165.21861,161.29953,126.8499984741211,120.5999984741211
1047.7028,1027.8389,1022.3099975585938,996.5499877929688
142.92274,139.40695,156.9499969482422,151.39999389648438
428.2193,419.54453,433.5299987792969,425.7999877929688
1004.18805,985.11066,995.989990234375,983.719970703125
240.37186,235.0966,258.95001220703125,251.02999877929688
1860.9205,1826.3634,1795.6500244140625,1757.219970703125
556.9624,545.96545,527.9199829101562,517.2000122070312
1833.1783,1799.1226,1766.5899658203125,1749.56005859375
1799.6835,1766.2327,1749.1199951171875,1713.8199462890625
283.7326,277.6724,265.8800048828125,262.0
224.4743,219.48492,228.3500061035156,223.7100067138672
1875.8059,1840.9801,1841.0,1811.27001953125
541.1664,530.45605,529.4400024414062,520.6099853515625
833.94635,817.94244,819.4199829101562,809.0
643.5459,630.9842,625.989990234375,612.239990234375
669.851,656.8141,702.5399780273438,688.760009765625
645.6458,633.04626,638.010009765625,620.7999877929688
148.54863,144.93248,169.75,166.5399932861328
1581.9276,1552.4115,1568.52001953125,1539.06005859375
227.93042,222.87842,269.7300109863281,262.6700134277344
383.09494,375.24,355.7300109863281,349.45001220703125
285.88782,279.7884,268.8800048828125,263.0199890136719
333.10416,326.15344,374.2999877929688,368.510009765625
365.1765,357.64346,380.4800109863281,376.1600036621094
601.63367,589.8295,614.7100219726562,605.530029296875
1923.0508,1887.3712,1888.4200439453125,1845.6400146484373
423.9542,415.36194,431.75,419.239990234375
275.43713,269.52676,262.0400085449219,255.72999572753903
521.9481,511.5836,118.5999984741211,114.87999725341795
1047.533,1027.6721,991.0499877929688,980.239990234375
1849.1434,1814.7992,1797.030029296875,1778.3499755859375
133.13185,129.79358,125.6999969482422,123.5
1834.1079,1800.0354,1746.4300537109375,1731.0
169.88075,165.8776,183.25,176.83999633789062
716.4037,702.5259,721.989990234375,711.1599731445312
572.6318,561.35175,565.25,552.52001953125
746.6067,732.18463,746.0999755859375,738.0
129.13855,125.87476,128.39999389648438,125.9000015258789
232.33932,227.20757,232.52999877929688,228.02999877929688
333.00616,326.05615,316.92999267578125,307.7200012207031
204.05789,199.43726,186.4900054931641,182.9100036621093
351.41827,344.13504,312.5799865722656,308.7900085449219
1523.1898,1494.7349,1448.780029296875,1424.8900146484375
642.04846,629.51385,603.239990234375,595.0
567.45123,556.26483,549.780029296875,539.5900268554688
286.4497,280.34055,276.67999267578125,269.989990234375
285.68884,279.593,269.1099853515625,262.95001220703125
236.9797,231.7651,234.3699951171875,231.0
192.37064,187.96202,179.47999572753906,175.5500030517578
1195.8765,1173.3354,1170.8699951171875,1160.27001953125
2000.6797,1963.5969,1894.989990234375,1847.43994140625
199.27693,194.74269,186.22000122070312,182.77999877929688
381.5451,373.71915,359.3399963378906,353.3500061035156
370.46954,362.84207,403.7200012207031,396.3699951171875
705.0111,691.3388,728.280029296875,715.5
1726.97,1694.8333,1665.6800537109375,1645.489990234375
369.82727,362.2112,394.739990234375,387.1199951171875
814.4364,798.7871,845.6699829101562,836.1199951171875
893.31995,876.2455,850.8900146484375,844.7999877929688
2487.1055,2441.2341,2433.0,2384.010009765625
184.7663,180.49419,187.6999969482422,183.77999877929688
1866.5823,1831.9232,1824.5,1797.31005859375
175.04504,170.94836,202.3600006103516,196.77999877929688
1859.8162,1825.279,1815.300048828125,1795.22998046875
550.74194,539.85724,532.5999755859375,508.1000061035156
201.74913,197.17033,212.97999572753903,207.75
312.8037,306.21814,289.5599975585937,283.4800109863281
179.06137,174.89221,180.75,170.25
350.37314,343.10867,362.8699951171875,354.5
730.7127,716.57635,718.4000244140625,712.719970703125
224.43658,219.44746,219.3500061035156,215.2100067138672
224.98988,219.99069,218.8699951171875,213.9600067138672
1851.8827,1817.4886,1852.43994140625,1815.75
805.85925,790.3652,818.2999877929688,804.0
1672.5508,1641.397,1635.0,1621.3499755859375
858.6306,842.1829,854.0900268554688,842.0499877929688
381.19858,373.37747,399.9200134277344,392.4500122070313
150.16931,146.52208,147.08999633789062,144.0
140.39072,136.92084,177.88999938964844,171.52999877929688
227.29616,222.25552,227.2899932861328,222.509994506836
282.63986,276.59943,267.3800048828125,264.0599975585937
783.1575,768.07355,753.3699951171875,738.030029296875
188.24619,183.91125,168.0800018310547,164.57000732421875
897.6767,880.5236,849.3699951171875,839.0499877929688
532.31244,521.7606,446.989990234375,437.4100036621094
1759.2898,1726.5687,1725.0,1692.47998046875
103.6505,100.85174,239.009994506836,225.88999938964844
1378.7418,1352.8971,1443.989990234375,1351.7900390625
315.30072,308.67014,293.67999267578125,284.3800048828125
255.07455,249.53195,261.25,257.0
1931.7573,1895.92,1903.68994140625,1860.0
351.33414,344.0528,336.7699890136719,332.7099914550781
784.01624,768.91846,777.5,760.0900268554688
1116.1499,1095.0492,1105.5799560546875,1050.550048828125
345.76312,338.58224,383.1099853515625,368.0799865722656
801.0656,785.6579,842.489990234375,828.260009765625
1889.9735,1854.8918,1919.4000244140625,1812.0
214.88278,210.06657,179.19000244140625,176.5
1723.8732,1691.7915,1689.43994140625,1673.010009765625
1836.5251,1802.4084,1905.0,1883.550048828125
1815.3401,1781.6067,1788.3399658203125,1760.27001953125
364.99524,357.46835,354.82000732421875,347.3999938964844
1825.1648,1791.2542,1788.0,1761.9599609375
1918.2412,1882.6486,1914.5699462890625,1877.47998046875
252.33348,246.83977,238.6699981689453,232.75
355.94595,348.58096,330.0,323.79998779296875
201.5932,197.017,199.8999938964844,197.0
324.3755,317.5808,333.739990234375,321.3999938964844
214.98387,210.16548,244.6100006103516,236.6199951171875
1887.3137,1852.2794,1865.0,1844.3800048828125
1864.5808,1829.9576,1899.5,1878.2099609375
1824.3071,1790.4114,1805.77001953125,1773.3599853515625
1679.3553,1648.0784,1588.5899658203125,1566.760009765625
831.5013,815.5437,816.1599731445312,807.5
183.39735,179.14983,168.13999938964844,162.8699951171875
1024.3392,1004.89764,1017.0,989.9000244140624
539.6365,528.95294,532.280029296875,523.0
530.54944,520.0285,521.5,513.0399780273438
579.7851,568.37585,570.9400024414062,560.3099975585938
213.3716,208.58266,226.5800018310547,221.5399932861328
1621.1268,1590.903,1473.1600341796875,1363.010009765625
1836.2921,1802.18,1799.5,1767.030029296875
169.92117,165.91696,136.0800018310547,133.86000061035156
157.46385,153.68495,126.9499969482422,123.69000244140624
330.5488,323.64273,299.0,293.8099975585937
179.86865,175.68562,194.8500061035156,188.72999572753903
324.17218,317.381,305.9599914550781,301.5199890136719
1547.8457,1518.9453,1452.1199951171875,1435.06005859375
330.97443,324.06097,338.3299865722656,331.4700012207031
179.59494,175.4161,216.1699981689453,211.3500061035156
1569.768,1540.4712,1634.56005859375,1589.18994140625
1025.608,1006.1434,976.77001953125,960.3699951171876
1974.2875,1937.6812,2040.3800048828125,1989.8900146484373
151.3187,147.65059,141.97999572753906,139.1199951171875
1503.6161,1475.5148,1438.47998046875,1402.5699462890625
1843.1769,1808.9401,1789.0899658203125,1760.219970703125
894.6708,877.57184,894.969970703125,884.489990234375
233.25406,228.10634,238.13999938964844,232.25
285.8794,279.78036,268.57000732421875,265.6099853515625
354.863,347.51883,355.3699951171875,348.0599975585937
686.0953,672.7648,724.22998046875,711.3200073242188
1896.9412,1861.7333,1846.8499755859373,1818.9000244140625
1865.6506,1831.0083,1828.75,1804.199951171875
289.3942,283.23145,270.7699890136719,267.6600036621094
1837.4171,1803.2845,1763.0999755859375,1717.56005859375
320.57663,313.85092,312.239990234375,305.75
340.98074,333.88632,325.1600036621094,319.5299987792969
613.2863,601.2717,675.9600219726562,663.25
1921.628,1885.9738,1876.0,1859.0
386.87,378.9457,403.0,396.0400085449219
335.9397,328.92712,275.94000244140625,263.70001220703125
819.43414,803.69507,839.9500122070312,832.4000244140625
229.0179,223.94615,217.6600036621093,212.6999969482422
283.6724,277.6134,276.489990234375,271.8299865722656
338.6479,331.59546,342.5,328.4599914550781
368.6977,361.1023,396.2999877929688,383.1000061035156
2325.0393,2282.097,2362.43994140625,2258.18994140625
288.54355,282.3966,273.4700012207031,269.0
818.04694,802.3326,843.8400268554688,833.0
180.91805,176.71548,194.6199951171875,190.5399932861328
196.09912,191.6222,223.6199951171875,217.5500030517578
993.0064,974.13104,999.4400024414062,983.5
202.86919,198.27007,189.08999633789065,185.3099975585937
455.12042,445.9636,457.8699951171875,447.5400085449219
644.103,631.5302,680.989990234375,672.0999755859375
186.20294,181.89711,177.19000244140625,173.75
1894.8606,1859.6893,1901.4000244140625,1866.010009765625
175.50345,171.39853,186.3600006103516,181.8000030517578
137.748,134.32602,153.30999755859375,149.60000610351562
875.43365,858.68243,857.3499755859375,851.719970703125
221.70535,216.76622,226.02999877929688,220.5200042724609
299.95633,293.60452,289.29998779296875,285.1499938964844
1860.4385,1825.8898,1809.0999755859373,1753.0
287.79565,281.66354,286.3800048828125,282.07000732421875
1976.4039,1939.7609,1889.97998046875,1872.760009765625
1798.5564,1765.1259,1718.800048828125,1693.1300048828125
444.35583,435.39502,447.0400085449219,433.6900024414063
288.76038,282.6109,274.79998779296875,271.8500061035156
224.40512,219.41685,221.58999633789065,218.0
354.4708,347.13235,334.0799865722656,330.79998779296875
1151.6156,1129.8748,1138.1600341796875,1130.050048828125
198.01865,193.50674,182.0800018310547,179.36000061035156
239.05522,233.8021,244.0,232.8800048828125
320.37482,313.65414,314.2699890136719,306.5799865722656
116.810234,113.77075,235.8099975585937,225.6000061035156
225.84203,220.82819,242.82000732421875,236.1999969482422
1829.2266,1795.2423,1760.6800537109375,1743.030029296875
302.85883,296.45322,291.3900146484375,284.1700134277344
400.0654,391.9028,307.3599853515625,301.94000244140625
1894.1089,1858.9523,1871.489990234375,1851.0
315.98196,309.3406,316.5599975585937,304.82000732421875
1049.7395,1029.8391,998.5,987.5
1932.0188,1896.1772,1913.8900146484373,1892.0400390625
1652.1211,1621.3367,1614.1199951171875,1600.449951171875
786.7555,771.60657,770.5,757.0599975585938
132.75606,129.4247,127.37000274658205,123.04000091552734
637.52625,625.0734,608.5,594.5599975585938
537.3912,526.74756,527.5,513.0599975585938
337.0104,329.9891,313.94000244140625,309.3399963378906
448.16238,439.13113,438.8900146484375,431.4700012207031
1855.4556,1820.9972,1788.6700439453125,1748.780029296875
379.5077,371.7171,375.989990234375,366.7000122070313
166.85356,162.90501,228.7899932861328,219.0
328.0039,321.14514,315.8299865722656,304.5899963378906
763.5861,748.856,751.280029296875,743.530029296875
207.51088,202.82741,187.8999938964844,181.88999938964844
344.03122,336.8816,359.67999267578125,352.0799865722656
628.63153,616.341,562.760009765625,545.0499877929688
614.82355,602.78094,629.8900146484375,622.0
1669.2509,1638.1566,1672.260009765625,1633.3399658203125
659.2954,646.4496,677.3499755859375,659.3200073242188
287.63065,281.4997,268.25,264.8399963378906
221.8939,216.95073,183.1699981689453,179.0
1949.8097,1913.6464,1925.949951171875,1907.5799560546875
117.24413,114.19806,181.83999633789065,177.57000732421875
1031.4547,1011.88446,1083.31005859375,1040.1800537109375
2769.2534,2718.2844,2697.429931640625,2659.0
1987.1992,1950.3601,2012.0,1992.030029296875
2006.1641,1968.9825,2025.5699462890625,1986.9000244140625
1344.6232,1319.3945,1305.760009765625,1273.3900146484375
1806.9485,1773.3666,1710.68994140625,1682.1500244140625
884.7046,867.7861,854.4500122070312,847.1099853515625
394.25586,386.2,312.25,300.0
1802.092,1768.5977,1726.739990234375,1702.56005859375
1461.8816,1434.5342,1518.489990234375,1465.0
318.72623,312.0334,321.0,313.6499938964844
186.10228,181.80594,224.9900054931641,216.72000122070312
377.21118,369.46167,322.8999938964844,319.5
386.68768,378.76697,405.6300048828125,396.25
973.1736,954.6562,945.0,934.219970703125
354.06302,346.73245,332.8900146484375,328.7900085449219
75.39488,73.11322,135.80999755859375,128.3800048828125
300.80167,294.43228,320.57000732421875,312.4100036621094
142.59206,139.08235,127.5999984741211,124.01000213623048
117.35758,114.30799,149.08999633789062,142.4199981689453
386.27103,378.35825,398.8299865722656,393.7999877929688
283.3895,277.33536,263.54998779296875,256.8800048828125
858.32715,841.88513,858.4299926757812,852.1799926757812
339.08392,332.02344,324.0,314.7099914550781
210.95914,206.21371,232.8000030517578,224.1000061035156
193.16704,188.74298,187.0,181.58999633789065
891.0535,874.01984,923.719970703125,905.6199951171876
1028.6382,1009.11926,971.7000122070312,962.02001953125
557.0428,546.0459,534.5599975585938,522.8699951171875
204.0119,199.39229,202.3999938964844,193.6000061035156
327.39743,320.54843,331.0,316.5
285.89883,279.7999,276.5,272.6400146484375
639.4958,627.0074,599.5,590.5499877929688
200.75467,196.19342,217.5,211.0
75.592155,73.30473,141.25,134.7100067138672
933.1319,915.3382,915.75,907.5599975585938
2601.6516,2553.7112,2442.3701171875,2398.199951171875
909.1309,891.7707,902.3800048828124,887.5
878.0976,861.2982,856.4000244140625,850.3099975585938
359.85736,352.4218,330.8800048828125,324.92999267578125
1541.8048,1513.0137,1438.3800048828125,1415.699951171875
1940.3918,1904.3987,1912.93994140625,1884.0
386.58264,378.66565,363.6099853515625,356.25
326.12357,319.29736,315.6400146484375,307.07000732421875
1021.2043,1001.82,969.4099731445312,956.9099731445312
960.4625,942.1748,954.4000244140624,927.7999877929688
289.12943,282.97144,296.3999938964844,286.67999267578125
154.32327,150.60149,179.0,173.58999633789062
772.9441,758.0447,765.010009765625,757.02001953125
1831.6462,1797.6178,1772.8699951171875,1747.22998046875
785.0197,769.90204,780.0,770.5
199.7048,195.16316,199.6000061035156,193.7400054931641
214.1735,209.3698,184.42999267578125,180.3000030517578
260.63083,254.98816,272.1000061035156,269.2300109863281
1897.7511,1862.5286,1819.0,1769.989990234375
209.94742,205.22037,199.9499969482422,197.5500030517578
225.10353,220.1029,195.88999938964844,190.0800018310547
386.74374,378.8224,373.9400024414063,366.7200012207031
2008.0477,1970.8326,1889.760009765625,1811.1300048828125
221.61258,216.67479,252.6999969482422,247.1999969482422
1933.1973,1897.3339,1921.550048828125,1881.8699951171875
282.032,276.0024,268.69000244140625,259.6499938964844
454.6313,445.4831,440.0,435.5799865722656
350.37006,343.10574,348.29998779296875,340.3800048828125
377.34613,369.59467,360.9599914550781,354.4800109863281
233.57774,228.42415,225.1999969482422,221.6600036621093
121.11806,118.000244,195.6300048828125,189.6999969482422
866.701,850.107,851.989990234375,846.27001953125
212.11322,207.34773,196.5,192.3300018310547
2004.1487,1967.004,1894.27001953125,1818.1700439453125
321.69183,314.94568,303.3399963378906,294.1600036621094
202.14459,197.55896,188.1699981689453,184.6100006103516
638.31537,625.8485,597.8599853515625,589.0
176.925,172.79468,359.5,340.739990234375
233.3984,228.24757,226.25,218.63999938964844
1980.6362,1943.9165,1939.7900390625,1899.9200439453125
2529.06,2482.431,2500.010009765625,2467.27001953125
1395.3854,1369.2405,1388.1600341796875,1338.0
1043.7506,1023.9583,995.75,975.6400146484376
169.85889,165.85663,132.2899932861328,130.5
809.73834,794.1739,833.780029296875,824.9400024414062
234.11993,228.95677,222.5,215.9100036621093
221.65894,216.72032,216.8600006103516,211.1600036621093
986.5394,967.7808,974.4000244140624,959.02001953125
293.02078,286.79282,278.6000061035156,272.3900146484375
385.45346,377.55536,329.489990234375,321.0599975585937
1224.1146,1201.0636,1187.2900390625,1175.6099853515625
1864.836,1830.2081,1754.4000244140625,1740.1300048828125
1011.798,992.583,998.6500244140624,989.25
329.2556,322.37268,406.25,387.7000122070313
768.69476,753.8715,746.25,740.7000122070312
618.1121,606.00995,537.47998046875,519.3900146484375
306.09912,299.63477,285.2799987792969,279.739990234375
350.38464,343.12173,315.8800048828125,309.6499938964844
2586.3062,2538.6428,2507.5400390625,2450.010009765625
298.19904,291.8774,309.8099975585937,297.0400085449219
253.53317,248.01851,254.5399932861328,250.0200042724609
333.3824,326.42523,335.54998779296875,324.6600036621094
501.8856,491.88382,492.5,484.8999938964844
1459.5785,1432.2728,1500.0,1486.5
281.2674,275.2518,265.8900146484375,260.54998779296875
264.19662,258.48956,259.79998779296875,255.5599975585937
963.04376,944.7096,960.4000244140624,944.1199951171876
283.86234,277.79962,267.1099853515625,261.6099853515625
1990.7487,1953.8458,1954.510009765625,1870.0
1964.1748,1927.7518,2071.02001953125,2032.0
215.74467,210.91437,218.3999938964844,205.75
225.5151,220.50679,226.0,218.08999633789065
